{"frames":{"New Piskel0.png":{"frame":{"x":0,"y":0,"w":1024,"h":1024},"rotated":false,"trimmed":false,"spriteSourceSize":{"x":0,"y":0,"w":1024,"h":1024},"sourceSize":{"w":1024,"h":1024}},"New Piskel1.png":{"frame":{"x":1024,"y":0,"w":1024,"h":1024},"rotated":false,"trimmed":false,"spriteSourceSize":{"x":0,"y":0,"w":1024,"h":1024},"sourceSize":{"w":1024,"h":1024}},"New Piskel2.png":{"frame":{"x":2048,"y":0,"w":1024,"h":1024},"rotated":false,"trimmed":false,"spriteSourceSize":{"x":0,"y":0,"w":1024,"h":1024},"sourceSize":{"w":1024,"h":1024}},"New Piskel3.png":{"frame":{"x":3072,"y":0,"w":1024,"h":1024},"rotated":false,"trimmed":false,"spriteSourceSize":{"x":0,"y":0,"w":1024,"h":1024},"sourceSize":{"w":1024,"h":1024}},"New Piskel4.png":{"frame":{"x":0,"y":1024,"w":1024,"h":1024},"rotated":false,"trimmed":false,"spriteSourceSize":{"x":0,"y":0,"w":1024,"h":1024},"sourceSize":{"w":1024,"h":1024}},"New Piskel5.png":{"frame":{"x":1024,"y":1024,"w":1024,"h":1024},"rotated":false,"trimmed":false,"spriteSourceSize":{"x":0,"y":0,"w":1024,"h":1024},"sourceSize":{"w":1024,"h":1024}},"New Piskel6.png":{"frame":{"x":2048,"y":1024,"w":1024,"h":1024},"rotated":false,"trimmed":false,"spriteSourceSize":{"x":0,"y":0,"w":1024,"h":1024},"sourceSize":{"w":1024,"h":1024}},"New Piskel7.png":{"frame":{"x":3072,"y":1024,"w":1024,"h":1024},"rotated":false,"trimmed":false,"spriteSourceSize":{"x":0,"y":0,"w":1024,"h":1024},"sourceSize":{"w":1024,"h":1024}},"New Piskel8.png":{"frame":{"x":0,"y":2048,"w":1024,"h":1024},"rotated":false,"trimmed":false,"spriteSourceSize":{"x":0,"y":0,"w":1024,"h":1024},"sourceSize":{"w":1024,"h":1024}},"New Piskel9.png":{"frame":{"x":1024,"y":2048,"w":1024,"h":1024},"rotated":false,"trimmed":false,"spriteSourceSize":{"x":0,"y":0,"w":1024,"h":1024},"sourceSize":{"w":1024,"h":1024}},"New Piskel10.png":{"frame":{"x":2048,"y":2048,"w":1024,"h":1024},"rotated":false,"trimmed":false,"spriteSourceSize":{"x":0,"y":0,"w":1024,"h":1024},"sourceSize":{"w":1024,"h":1024}},"New Piskel11.png":{"frame":{"x":3072,"y":2048,"w":1024,"h":1024},"rotated":false,"trimmed":false,"spriteSourceSize":{"x":0,"y":0,"w":1024,"h":1024},"sourceSize":{"w":1024,"h":1024}},"New Piskel12.png":{"frame":{"x":0,"y":3072,"w":1024,"h":1024},"rotated":false,"trimmed":false,"spriteSourceSize":{"x":0,"y":0,"w":1024,"h":1024},"sourceSize":{"w":1024,"h":1024}},"New Piskel13.png":{"frame":{"x":1024,"y":3072,"w":1024,"h":1024},"rotated":false,"trimmed":false,"spriteSourceSize":{"x":0,"y":0,"w":1024,"h":1024},"sourceSize":{"w":1024,"h":1024}},"New Piskel14.png":{"frame":{"x":2048,"y":3072,"w":1024,"h":1024},"rotated":false,"trimmed":false,"spriteSourceSize":{"x":0,"y":0,"w":1024,"h":1024},"sourceSize":{"w":1024,"h":1024}},"New Piskel15.png":{"frame":{"x":3072,"y":3072,"w":1024,"h":1024},"rotated":false,"trimmed":false,"spriteSourceSize":{"x":0,"y":0,"w":1024,"h":1024},"sourceSize":{"w":1024,"h":1024}}},"meta":{"app":"https://github.com/piskelapp/piskel/","version":"1.0","image":"New Piskel.png","format":"RGBA8888","size":{"w":4096,"h":4096}}}